{"cameraMode":{"drawMode":0,"name":"Shaded","section":"Shading Mode"},"sceneLighting":true,"audioPlay":false,"sceneViewState":{"m_AlwaysRefresh":false,"showFog":true,"showSkybox":true,"showFlares":true,"showImageEffects":true,"showParticleSystems":true,"showVisualEffectGraphs":true,"m_FxEnabled":true},"in2DMode":false,"pivot":{"x":103.36536407470703,"y":-0.9991494417190552,"z":170.963623046875},"rotation":{"x":0.014030450955033303,"y":0.28376898169517519,"z":-0.0066443635150790218,"w":0.9601616859436035},"size":109.14578247070313,"orthographic":false}