{"cameraMode":{"drawMode":0,"name":"Shaded","section":"Shading Mode"},"sceneLighting":true,"audioPlay":false,"sceneViewState":{"m_AlwaysRefresh":false,"showFog":true,"showSkybox":true,"showFlares":true,"showImageEffects":true,"showParticleSystems":true,"showVisualEffectGraphs":true,"m_FxEnabled":true},"in2DMode":false,"pivot":{"x":376.167724609375,"y":-7.344865798950195,"z":46.749061584472659},"rotation":{"x":0.22497740387916566,"y":-0.37946221232414248,"z":0.09553338587284088,"w":0.8923993110656738},"size":16.936626434326173,"orthographic":false}