{"cameraMode":{"drawMode":0,"name":"Shaded","section":"Shading Mode"},"sceneLighting":true,"audioPlay":false,"sceneViewState":{"m_AlwaysRefresh":false,"showFog":true,"showSkybox":true,"showFlares":true,"showImageEffects":true,"showParticleSystems":true,"showVisualEffectGraphs":true,"m_FxEnabled":true},"in2DMode":false,"pivot":{"x":423.0833435058594,"y":37.57593536376953,"z":341.59246826171877},"rotation":{"x":-0.07896892726421356,"y":0.15261754393577577,"z":-0.013126405887305737,"w":-0.9853628873825073},"size":12.12435531616211,"orthographic":false}