{"cameraMode":{"drawMode":0,"name":"Shaded","section":"Shading Mode"},"sceneLighting":true,"audioPlay":false,"sceneViewState":{"m_AlwaysRefresh":false,"showFog":true,"showSkybox":true,"showFlares":true,"showImageEffects":true,"showParticleSystems":true,"showVisualEffectGraphs":true,"m_FxEnabled":true},"in2DMode":false,"pivot":{"x":255.49331665039063,"y":-198.30294799804688,"z":187.64654541015626},"rotation":{"x":0.25310343503952029,"y":0.4295784831047058,"z":-0.13113965094089509,"w":0.8585360646247864},"size":211.8090057373047,"orthographic":false}