{"cameraMode":{"drawMode":0,"name":"Shaded","section":"Shading Mode"},"sceneLighting":true,"audioPlay":false,"sceneViewState":{"m_AlwaysRefresh":false,"showFog":true,"showSkybox":true,"showFlares":true,"showImageEffects":true,"showParticleSystems":true,"showVisualEffectGraphs":true,"m_FxEnabled":true},"in2DMode":false,"pivot":{"x":404.33599853515627,"y":10.744717597961426,"z":124.72035217285156},"rotation":{"x":-0.0636126697063446,"y":-0.08492431044578552,"z":-0.005503535736352205,"w":0.9943793416023254},"size":0.5875877141952515,"orthographic":false}