{"cameraMode":{"drawMode":0,"name":"Shaded","section":"Shading Mode"},"sceneLighting":true,"audioPlay":false,"sceneViewState":{"m_AlwaysRefresh":false,"showFog":true,"showSkybox":true,"showFlares":true,"showImageEffects":true,"showParticleSystems":true,"showVisualEffectGraphs":true,"m_FxEnabled":true},"in2DMode":false,"pivot":{"x":440.7187805175781,"y":248.26068115234376,"z":301.8289794921875},"rotation":{"x":-0.01839675009250641,"y":0.01914147473871708,"z":0.0031274298671633007,"w":-1.0008772611618043},"size":381.4369201660156,"orthographic":false}