{"cameraMode":{"drawMode":0,"name":"Shaded","section":"Shading Mode"},"sceneLighting":true,"audioPlay":false,"sceneViewState":{"m_AlwaysRefresh":false,"showFog":true,"showSkybox":true,"showFlares":true,"showImageEffects":true,"showParticleSystems":true,"showVisualEffectGraphs":true,"m_FxEnabled":true},"in2DMode":false,"pivot":{"x":388.5535888671875,"y":-1.845635175704956,"z":60.07606506347656},"rotation":{"x":0.1354207843542099,"y":-0.03421667590737343,"z":0.004568011965602636,"w":0.9902430176734924},"size":20.159788131713868,"orthographic":false}