{"cameraMode":{"drawMode":0,"name":"Shaded","section":"Shading Mode"},"sceneLighting":true,"audioPlay":false,"sceneViewState":{"m_AlwaysRefresh":false,"showFog":true,"showSkybox":true,"showFlares":true,"showImageEffects":true,"showParticleSystems":true,"showVisualEffectGraphs":true,"m_FxEnabled":true},"in2DMode":false,"pivot":{"x":-19.430538177490236,"y":-0.9271791577339172,"z":3.8791377544403078},"rotation":{"x":-0.10644841939210892,"y":0.44774723052978518,"z":-0.04912687838077545,"w":-0.887678861618042},"size":12.269901275634766,"orthographic":false}